Question,Type,Answer,Choice A,Choice B,Choice C,Choice D
What is the capital of France?,MCQ,Paris,London,Berlin,Paris,Madrid
Which planet is closest to the Sun?,MCQ,Mercury,Venus,Earth,Mars,Mercury
What does HTML stand for?,MCQ,HyperText Markup Language,HyperText Markup Language,Hyper Transfer Markup Language,High Text Machine Language,HyperText Machine Link
What is the chemical symbol for gold?,MCQ,Au,Ag,Au,Fe,Cu
Who wrote 'Romeo and Juliet'?,MCQ,Shakespeare,Dickens,Shakespeare,Hemingway,Twain
What is the boiling point of water in Celsius?,written,100,,,
What year did World War II end?,written,1945,,,
What is the speed of light (m/s) — approximate?,written,300000000,,,
Name the process by which plants make food using sunlight,written,photosynthesis,,,
What gas do humans exhale?,written,carbon dioxide,,,
